{
    "n_estimators": 300,
    "random_state": null,
    "feature_importances": [
        0.11386913121758521,
        0.23023308409130824,
        0.07123694128232545,
        0.12092002760173179,
        0.10478154217725462,
        0.019419524442032994,
        0.1077725686605132,
        0.12231967328894175,
        0.014714033226192264,
        0.026744089183509345,
        0.06798938482860524
    ],
    "classes": [
        0,
        1
    ]
}